{
  "Scheme": {
    "StencilFilePaths": [],
    "AvailableMasters": [],
    "SearchRules": [
      {
        "ExcelValue": "H2000\u002BproV2",
        "SearchColumn": "C",
        "VisioMasterName": "H2000\u002BPRO ZONT \u041A\u043E\u043D\u0442\u0440\u043E\u043B\u043B\u0435\u0440",
        "CoordinatesXY": "",
        "Anchor": "Center",
        "LimitQuantity": false,
        "UseCondition": true,
        "ConditionColumn": "L",
        "ConditionValue": "1",
        "ExcludedRows": "",
        "TargetColumn": "Position",
        "SearchByValue": false,
        "Term": "H2000\u002BproV2",
        "ResultSource": 0
      },
      {
        "ExcelValue": "H1500\u002Bpro",
        "SearchColumn": "C",
        "VisioMasterName": "H1500\u002BPRO ZONT \u041A\u043E\u043D\u0442\u0440\u043E\u043B\u043B\u0435\u0440",
        "CoordinatesXY": "",
        "Anchor": "Center",
        "LimitQuantity": false,
        "UseCondition": true,
        "ConditionColumn": "L",
        "ConditionValue": "1",
        "ExcludedRows": "",
        "TargetColumn": "Position",
        "SearchByValue": false,
        "Term": "H1500\u002Bpro",
        "ResultSource": 0
      }
    ],
    "PredefinedMasterConfigs": [],
    "SequentialDrawing": {
      "Enabled": true,
      "StartCoordinatesXY": "10, 250",
      "MaxLineWidthMM": 180,
      "HorizontalStepMM": 2,
      "VerticalStepMM": 10,
      "Anchor": "TopLeft"
    },
    "PageSize": "A4",
    "PageOrientation": "Portrait"
  },
  "Labeling": {
    "StencilFilePaths": [],
    "AvailableMasters": [],
    "SearchRules": [
      {
        "ExcelValue": "H2000\u002BproV2",
        "SearchColumn": "C",
        "VisioMasterName": "H2000\u002BPRO ZONT \u041A\u043E\u043D\u0442\u0440\u043E\u043B\u043B\u0435\u0440",
        "CoordinatesXY": "",
        "Anchor": "Center",
        "LimitQuantity": false,
        "UseCondition": true,
        "ConditionColumn": "L",
        "ConditionValue": "1",
        "ExcludedRows": "",
        "TargetColumn": "Position",
        "SearchByValue": false,
        "Term": "H2000\u002BproV2",
        "ResultSource": 0
      },
      {
        "ExcelValue": "H1500\u002Bpro",
        "SearchColumn": "C",
        "VisioMasterName": "H1500\u002BPRO ZONT \u041A\u043E\u043D\u0442\u0440\u043E\u043B\u043B\u0435\u0440",
        "CoordinatesXY": "",
        "Anchor": "Center",
        "LimitQuantity": false,
        "UseCondition": true,
        "ConditionColumn": "L",
        "ConditionValue": "1",
        "ExcludedRows": "",
        "TargetColumn": "Position",
        "SearchByValue": false,
        "Term": "H1500\u002Bpro",
        "ResultSource": 0
      }
    ],
    "PredefinedMasterConfigs": [],
    "SequentialDrawing": {
      "Enabled": true,
      "StartCoordinatesXY": "10, 250",
      "MaxLineWidthMM": 180,
      "HorizontalStepMM": 2,
      "VerticalStepMM": 10,
      "Anchor": "TopLeft"
    },
    "PageSize": "A4",
    "PageOrientation": "Portrait"
  },
  "Cabinet": {
    "StencilFilePaths": [],
    "AvailableMasters": [],
    "SearchRules": [
      {
        "ExcelValue": "H2000\u002BproV2",
        "SearchColumn": "C",
        "VisioMasterName": "H2000\u002BPRO ZONT \u041A\u043E\u043D\u0442\u0440\u043E\u043B\u043B\u0435\u0440",
        "CoordinatesXY": "",
        "Anchor": "Center",
        "LimitQuantity": false,
        "UseCondition": true,
        "ConditionColumn": "L",
        "ConditionValue": "1",
        "ExcludedRows": "",
        "TargetColumn": "Position",
        "SearchByValue": false,
        "Term": "H2000\u002BproV2",
        "ResultSource": 0
      },
      {
        "ExcelValue": "H1500\u002Bpro",
        "SearchColumn": "C",
        "VisioMasterName": "H1500\u002BPRO ZONT \u041A\u043E\u043D\u0442\u0440\u043E\u043B\u043B\u0435\u0440",
        "CoordinatesXY": "",
        "Anchor": "Center",
        "LimitQuantity": false,
        "UseCondition": true,
        "ConditionColumn": "L",
        "ConditionValue": "1",
        "ExcludedRows": "",
        "TargetColumn": "Position",
        "SearchByValue": false,
        "Term": "H1500\u002Bpro",
        "ResultSource": 0
      }
    ],
    "PredefinedMasterConfigs": [],
    "SequentialDrawing": {
      "Enabled": true,
      "StartCoordinatesXY": "10, 250",
      "MaxLineWidthMM": 180,
      "HorizontalStepMM": 2,
      "VerticalStepMM": 10,
      "Anchor": "TopLeft"
    },
    "PageSize": "A4",
    "PageOrientation": "Portrait"
  },
  "Search": {
    "TargetSheetNames": [
      "1.\u0422\u0417 \u043D\u0430 \u041E\u0411\u042A\u0415\u041A\u0422 ZONT"
    ],
    "VisioSourceSheetName": [
      "1.\u0422\u0417 \u043D\u0430 \u043E\u0431\u044A\u0435\u043A\u0442 ZONT \u0434\u043B\u044F VISIO"
    ],
    "Rules": [],
    "AuxFilePath": ""
  },
  "TelegramRecipients": []
}